"ITTER107","Territory","TIPO_DATO_FOL","Data type","SEXISTAT1","Gender","ETA1","Age class","TIME","Select time","Value","Flag Codes","Flags"
"ITE3","Marche","UNEM_R","unemployment rate","1","males","Y15-74","15-74 years","2023","2023",4.386121,,
"ITE3","Marche","UNEM_R","unemployment rate","1","males","Y15-74","15-74 years","2023-Q1","Q1-2023",4.400038,,
"ITE3","Marche","UNEM_R","unemployment rate","1","males","Y15-74","15-74 years","2023-Q2","Q2-2023",3.56314,,
"ITE3","Marche","UNEM_R","unemployment rate","1","males","Y15-74","15-74 years","2023-Q3","Q3-2023",4.206195,,
"ITE3","Marche","UNEM_R","unemployment rate","1","males","Y15-74","15-74 years","2023-Q4","Q4-2023",5.363529,,
"ITC2","Valle d'Aosta / Vallée d'Aoste","UNEM_R","unemployment rate","9","total","Y15-74","15-74 years","2023","2023",4.042185,,
"ITC2","Valle d'Aosta / Vallée d'Aoste","UNEM_R","unemployment rate","9","total","Y15-74","15-74 years","2023-Q1","Q1-2023",4.069601,,
"ITC2","Valle d'Aosta / Vallée d'Aoste","UNEM_R","unemployment rate","9","total","Y15-74","15-74 years","2023-Q2","Q2-2023",4.442127,,
"ITC2","Valle d'Aosta / Vallée d'Aoste","UNEM_R","unemployment rate","9","total","Y15-74","15-74 years","2023-Q3","Q3-2023",3.157436,,
"ITC2","Valle d'Aosta / Vallée d'Aoste","UNEM_R","unemployment rate","9","total","Y15-74","15-74 years","2023-Q4","Q4-2023",4.517509,,
"ITE3","Marche","UNEM_R","unemployment rate","2","females","Y15-74","15-74 years","2023","2023",6.127196,,
"ITE3","Marche","UNEM_R","unemployment rate","2","females","Y15-74","15-74 years","2023-Q1","Q1-2023",7.830369,,
"ITE3","Marche","UNEM_R","unemployment rate","2","females","Y15-74","15-74 years","2023-Q2","Q2-2023",5.432417,,
"ITE3","Marche","UNEM_R","unemployment rate","2","females","Y15-74","15-74 years","2023-Q3","Q3-2023",5.91339,,
"ITE3","Marche","UNEM_R","unemployment rate","2","females","Y15-74","15-74 years","2023-Q4","Q4-2023",5.38972,,
"ITD4","Friuli-Venezia Giulia","UNEM_R","unemployment rate","9","total","Y15-74","15-74 years","2023","2023",4.573375,,
"ITD4","Friuli-Venezia Giulia","UNEM_R","unemployment rate","9","total","Y15-74","15-74 years","2023-Q1","Q1-2023",4.923974,,
"ITD4","Friuli-Venezia Giulia","UNEM_R","unemployment rate","9","total","Y15-74","15-74 years","2023-Q2","Q2-2023",4.487419,,
"ITD4","Friuli-Venezia Giulia","UNEM_R","unemployment rate","9","total","Y15-74","15-74 years","2023-Q3","Q3-2023",4.707161,,
"ITD4","Friuli-Venezia Giulia","UNEM_R","unemployment rate","9","total","Y15-74","15-74 years","2023-Q4","Q4-2023",4.179562,,
"ITF5","Basilicata","UNEM_R","unemployment rate","1","males","Y15-74","15-74 years","2023","2023",6.092891,,
"ITF5","Basilicata","UNEM_R","unemployment rate","1","males","Y15-74","15-74 years","2023-Q1","Q1-2023",7.894757,,
"ITF5","Basilicata","UNEM_R","unemployment rate","1","males","Y15-74","15-74 years","2023-Q2","Q2-2023",7.876486,,
"ITF5","Basilicata","UNEM_R","unemployment rate","1","males","Y15-74","15-74 years","2023-Q3","Q3-2023",2.979151,,
"ITF5","Basilicata","UNEM_R","unemployment rate","1","males","Y15-74","15-74 years","2023-Q4","Q4-2023",5.606965,,
"ITE4","Lazio","UNEM_R","unemployment rate","1","males","Y15-74","15-74 years","2023","2023",5.958934,,
"ITE4","Lazio","UNEM_R","unemployment rate","1","males","Y15-74","15-74 years","2023-Q1","Q1-2023",5.472806,,
"ITE4","Lazio","UNEM_R","unemployment rate","1","males","Y15-74","15-74 years","2023-Q2","Q2-2023",6.026309,,
"ITE4","Lazio","UNEM_R","unemployment rate","1","males","Y15-74","15-74 years","2023-Q3","Q3-2023",5.841524,,
"ITE4","Lazio","UNEM_R","unemployment rate","1","males","Y15-74","15-74 years","2023-Q4","Q4-2023",6.486434,,
"ITC1","Piemonte","UNEM_R","unemployment rate","1","males","Y15-74","15-74 years","2023","2023",5.377015,,
"ITC1","Piemonte","UNEM_R","unemployment rate","1","males","Y15-74","15-74 years","2023-Q1","Q1-2023",5.677492,,
"ITC1","Piemonte","UNEM_R","unemployment rate","1","males","Y15-74","15-74 years","2023-Q2","Q2-2023",5.086559,,
"ITC1","Piemonte","UNEM_R","unemployment rate","1","males","Y15-74","15-74 years","2023-Q3","Q3-2023",5.022769,,
"ITC1","Piemonte","UNEM_R","unemployment rate","1","males","Y15-74","15-74 years","2023-Q4","Q4-2023",5.719217,,
"ITF2","Molise","UNEM_R","unemployment rate","1","males","Y15-74","15-74 years","2023","2023",8.592765,,
"ITF2","Molise","UNEM_R","unemployment rate","1","males","Y15-74","15-74 years","2023-Q1","Q1-2023",9.379516,,
"ITF2","Molise","UNEM_R","unemployment rate","1","males","Y15-74","15-74 years","2023-Q2","Q2-2023",7.525543,,
"ITF2","Molise","UNEM_R","unemployment rate","1","males","Y15-74","15-74 years","2023-Q3","Q3-2023",6.812066,,
"ITF2","Molise","UNEM_R","unemployment rate","1","males","Y15-74","15-74 years","2023-Q4","Q4-2023",10.564804,,
"ITG2","Sardegna","UNEM_R","unemployment rate","1","males","Y15-74","15-74 years","2023","2023",10.194418,,
"ITG2","Sardegna","UNEM_R","unemployment rate","1","males","Y15-74","15-74 years","2023-Q1","Q1-2023",13.134748,,
"ITG2","Sardegna","UNEM_R","unemployment rate","1","males","Y15-74","15-74 years","2023-Q2","Q2-2023",9.153226,,
"ITG2","Sardegna","UNEM_R","unemployment rate","1","males","Y15-74","15-74 years","2023-Q3","Q3-2023",9.083443,,
"ITG2","Sardegna","UNEM_R","unemployment rate","1","males","Y15-74","15-74 years","2023-Q4","Q4-2023",9.531666,,
"ITDA","Trentino Alto Adige / Südtirol","UNEM_R","unemployment rate","1","males","Y15-74","15-74 years","2023","2023",2.330417,,
"ITDA","Trentino Alto Adige / Südtirol","UNEM_R","unemployment rate","1","males","Y15-74","15-74 years","2023-Q1","Q1-2023",3.024907,,
"ITDA","Trentino Alto Adige / Südtirol","UNEM_R","unemployment rate","1","males","Y15-74","15-74 years","2023-Q2","Q2-2023",2.158951,,
"ITDA","Trentino Alto Adige / Südtirol","UNEM_R","unemployment rate","1","males","Y15-74","15-74 years","2023-Q3","Q3-2023",1.685537,,
"ITDA","Trentino Alto Adige / Südtirol","UNEM_R","unemployment rate","1","males","Y15-74","15-74 years","2023-Q4","Q4-2023",2.471077,,
"ITF1","Abruzzo","UNEM_R","unemployment rate","2","females","Y15-74","15-74 years","2023","2023",8.750921,,
"ITF1","Abruzzo","UNEM_R","unemployment rate","2","females","Y15-74","15-74 years","2023-Q1","Q1-2023",7.59679,,
"ITF1","Abruzzo","UNEM_R","unemployment rate","2","females","Y15-74","15-74 years","2023-Q2","Q2-2023",10.944285,,
"ITF1","Abruzzo","UNEM_R","unemployment rate","2","females","Y15-74","15-74 years","2023-Q3","Q3-2023",8.570052,,
"ITF1","Abruzzo","UNEM_R","unemployment rate","2","females","Y15-74","15-74 years","2023-Q4","Q4-2023",7.954698,,
"ITC1","Piemonte","UNEM_R","unemployment rate","9","total","Y15-74","15-74 years","2023","2023",6.169227,,
"ITC1","Piemonte","UNEM_R","unemployment rate","9","total","Y15-74","15-74 years","2023-Q1","Q1-2023",6.486311,,
"ITC1","Piemonte","UNEM_R","unemployment rate","9","total","Y15-74","15-74 years","2023-Q2","Q2-2023",5.515652,,
"ITC1","Piemonte","UNEM_R","unemployment rate","9","total","Y15-74","15-74 years","2023-Q3","Q3-2023",6.317618,,
"ITC1","Piemonte","UNEM_R","unemployment rate","9","total","Y15-74","15-74 years","2023-Q4","Q4-2023",6.361399,,
"ITG1","Sicilia","UNEM_R","unemployment rate","9","total","Y15-74","15-74 years","2023","2023",15.779062,,
"ITG1","Sicilia","UNEM_R","unemployment rate","9","total","Y15-74","15-74 years","2023-Q1","Q1-2023",16.640011,,
"ITG1","Sicilia","UNEM_R","unemployment rate","9","total","Y15-74","15-74 years","2023-Q2","Q2-2023",15.167862,,
"ITG1","Sicilia","UNEM_R","unemployment rate","9","total","Y15-74","15-74 years","2023-Q3","Q3-2023",15.704758,,
"ITG1","Sicilia","UNEM_R","unemployment rate","9","total","Y15-74","15-74 years","2023-Q4","Q4-2023",15.604397,,
"ITE1","Toscana","UNEM_R","unemployment rate","2","females","Y15-74","15-74 years","2023","2023",6.303218,,
"ITE1","Toscana","UNEM_R","unemployment rate","2","females","Y15-74","15-74 years","2023-Q1","Q1-2023",6.584131,,
"ITE1","Toscana","UNEM_R","unemployment rate","2","females","Y15-74","15-74 years","2023-Q2","Q2-2023",6.53869,,
"ITE1","Toscana","UNEM_R","unemployment rate","2","females","Y15-74","15-74 years","2023-Q3","Q3-2023",5.720602,,
"ITE1","Toscana","UNEM_R","unemployment rate","2","females","Y15-74","15-74 years","2023-Q4","Q4-2023",6.376182,,
"ITDA","Trentino Alto Adige / Südtirol","UNEM_R","unemployment rate","2","females","Y15-74","15-74 years","2023","2023",3.445162,,
"ITDA","Trentino Alto Adige / Südtirol","UNEM_R","unemployment rate","2","females","Y15-74","15-74 years","2023-Q1","Q1-2023",4.470259,,
"ITDA","Trentino Alto Adige / Südtirol","UNEM_R","unemployment rate","2","females","Y15-74","15-74 years","2023-Q2","Q2-2023",2.530763,,
"ITDA","Trentino Alto Adige / Südtirol","UNEM_R","unemployment rate","2","females","Y15-74","15-74 years","2023-Q3","Q3-2023",2.878005,,
"ITDA","Trentino Alto Adige / Südtirol","UNEM_R","unemployment rate","2","females","Y15-74","15-74 years","2023-Q4","Q4-2023",3.912166,,
"ITD5","Emilia-Romagna","UNEM_R","unemployment rate","9","total","Y15-74","15-74 years","2023","2023",4.959339,,
"ITD5","Emilia-Romagna","UNEM_R","unemployment rate","9","total","Y15-74","15-74 years","2023-Q1","Q1-2023",4.844244,,
"ITD5","Emilia-Romagna","UNEM_R","unemployment rate","9","total","Y15-74","15-74 years","2023-Q2","Q2-2023",4.885632,,
"ITD5","Emilia-Romagna","UNEM_R","unemployment rate","9","total","Y15-74","15-74 years","2023-Q3","Q3-2023",5.358706,,
"ITD5","Emilia-Romagna","UNEM_R","unemployment rate","9","total","Y15-74","15-74 years","2023-Q4","Q4-2023",4.751462,,
"ITG1","Sicilia","UNEM_R","unemployment rate","2","females","Y15-74","15-74 years","2023","2023",17.991113,,
"ITG1","Sicilia","UNEM_R","unemployment rate","2","females","Y15-74","15-74 years","2023-Q1","Q1-2023",17.660585,,
"ITG1","Sicilia","UNEM_R","unemployment rate","2","females","Y15-74","15-74 years","2023-Q2","Q2-2023",16.310077,,
"ITG1","Sicilia","UNEM_R","unemployment rate","2","females","Y15-74","15-74 years","2023-Q3","Q3-2023",20.104715,,
"ITG1","Sicilia","UNEM_R","unemployment rate","2","females","Y15-74","15-74 years","2023-Q4","Q4-2023",17.833295,,
"ITF4","Puglia","UNEM_R","unemployment rate","9","total","Y15-74","15-74 years","2023","2023",11.58394,,
"ITF4","Puglia","UNEM_R","unemployment rate","9","total","Y15-74","15-74 years","2023-Q1","Q1-2023",13.440016,,
"ITF4","Puglia","UNEM_R","unemployment rate","9","total","Y15-74","15-74 years","2023-Q2","Q2-2023",11.587509,,
"ITF4","Puglia","UNEM_R","unemployment rate","9","total","Y15-74","15-74 years","2023-Q3","Q3-2023",11.011851,,
"ITF4","Puglia","UNEM_R","unemployment rate","9","total","Y15-74","15-74 years","2023-Q4","Q4-2023",10.266335,,
"ITD4","Friuli-Venezia Giulia","UNEM_R","unemployment rate","2","females","Y15-74","15-74 years","2023","2023",5.721717,,
"ITD4","Friuli-Venezia Giulia","UNEM_R","unemployment rate","2","females","Y15-74","15-74 years","2023-Q1","Q1-2023",6.283373,,
"ITD4","Friuli-Venezia Giulia","UNEM_R","unemployment rate","2","females","Y15-74","15-74 years","2023-Q2","Q2-2023",6.066007,,
"ITD4","Friuli-Venezia Giulia","UNEM_R","unemployment rate","2","females","Y15-74","15-74 years","2023-Q3","Q3-2023",5.30596,,
"ITD4","Friuli-Venezia Giulia","UNEM_R","unemployment rate","2","females","Y15-74","15-74 years","2023-Q4","Q4-2023",5.219412,,
"ITE2","Umbria","UNEM_R","unemployment rate","1","males","Y15-74","15-74 years","2023","2023",4.361037,,
"ITE2","Umbria","UNEM_R","unemployment rate","1","males","Y15-74","15-74 years","2023-Q1","Q1-2023",4.367909,,
"ITE2","Umbria","UNEM_R","unemployment rate","1","males","Y15-74","15-74 years","2023-Q2","Q2-2023",5.190837,,
"ITE2","Umbria","UNEM_R","unemployment rate","1","males","Y15-74","15-74 years","2023-Q3","Q3-2023",4.524329,,
"ITE2","Umbria","UNEM_R","unemployment rate","1","males","Y15-74","15-74 years","2023-Q4","Q4-2023",3.367427,,
"ITC4","Lombardia","UNEM_R","unemployment rate","2","females","Y15-74","15-74 years","2023","2023",4.770911,,
"ITC4","Lombardia","UNEM_R","unemployment rate","2","females","Y15-74","15-74 years","2023-Q1","Q1-2023",4.94952,,
"ITC4","Lombardia","UNEM_R","unemployment rate","2","females","Y15-74","15-74 years","2023-Q2","Q2-2023",5.065407,,
"ITC4","Lombardia","UNEM_R","unemployment rate","2","females","Y15-74","15-74 years","2023-Q3","Q3-2023",4.354933,,
"ITC4","Lombardia","UNEM_R","unemployment rate","2","females","Y15-74","15-74 years","2023-Q4","Q4-2023",4.712735,,
"ITG2","Sardegna","UNEM_R","unemployment rate","9","total","Y15-74","15-74 years","2023","2023",10.0505,,
"ITG2","Sardegna","UNEM_R","unemployment rate","9","total","Y15-74","15-74 years","2023-Q1","Q1-2023",12.19493,,
"ITG2","Sardegna","UNEM_R","unemployment rate","9","total","Y15-74","15-74 years","2023-Q2","Q2-2023",10.02897,,
"ITG2","Sardegna","UNEM_R","unemployment rate","9","total","Y15-74","15-74 years","2023-Q3","Q3-2023",8.7579,,
"ITG2","Sardegna","UNEM_R","unemployment rate","9","total","Y15-74","15-74 years","2023-Q4","Q4-2023",9.249039,,
"ITD3","Veneto","UNEM_R","unemployment rate","9","total","Y15-74","15-74 years","2023","2023",4.226003,,
"ITD3","Veneto","UNEM_R","unemployment rate","9","total","Y15-74","15-74 years","2023-Q1","Q1-2023",4.525672,,
"ITD3","Veneto","UNEM_R","unemployment rate","9","total","Y15-74","15-74 years","2023-Q2","Q2-2023",4.174736,,
"ITD3","Veneto","UNEM_R","unemployment rate","9","total","Y15-74","15-74 years","2023-Q3","Q3-2023",4.2437,,
"ITD3","Veneto","UNEM_R","unemployment rate","9","total","Y15-74","15-74 years","2023-Q4","Q4-2023",3.959755,,
"ITF3","Campania","UNEM_R","unemployment rate","2","females","Y15-74","15-74 years","2023","2023",20.736794,,
"ITF3","Campania","UNEM_R","unemployment rate","2","females","Y15-74","15-74 years","2023-Q1","Q1-2023",21.687468,,
"ITF3","Campania","UNEM_R","unemployment rate","2","females","Y15-74","15-74 years","2023-Q2","Q2-2023",19.34029,,
"ITF3","Campania","UNEM_R","unemployment rate","2","females","Y15-74","15-74 years","2023-Q3","Q3-2023",20.604933,,
"ITF3","Campania","UNEM_R","unemployment rate","2","females","Y15-74","15-74 years","2023-Q4","Q4-2023",21.226398,,
"ITE2","Umbria","UNEM_R","unemployment rate","9","total","Y15-74","15-74 years","2023","2023",5.966764,,
"ITE2","Umbria","UNEM_R","unemployment rate","9","total","Y15-74","15-74 years","2023-Q1","Q1-2023",6.245966,,
"ITE2","Umbria","UNEM_R","unemployment rate","9","total","Y15-74","15-74 years","2023-Q2","Q2-2023",6.657571,,
"ITE2","Umbria","UNEM_R","unemployment rate","9","total","Y15-74","15-74 years","2023-Q3","Q3-2023",6.358818,,
"ITE2","Umbria","UNEM_R","unemployment rate","9","total","Y15-74","15-74 years","2023-Q4","Q4-2023",4.618474,,
"ITC4","Lombardia","UNEM_R","unemployment rate","9","total","Y15-74","15-74 years","2023","2023",4.02477,,
"ITC4","Lombardia","UNEM_R","unemployment rate","9","total","Y15-74","15-74 years","2023-Q1","Q1-2023",4.337569,,
"ITC4","Lombardia","UNEM_R","unemployment rate","9","total","Y15-74","15-74 years","2023-Q2","Q2-2023",4.500026,,
"ITC4","Lombardia","UNEM_R","unemployment rate","9","total","Y15-74","15-74 years","2023-Q3","Q3-2023",3.454077,,
"ITC4","Lombardia","UNEM_R","unemployment rate","9","total","Y15-74","15-74 years","2023-Q4","Q4-2023",3.809133,,
"ITD5","Emilia-Romagna","UNEM_R","unemployment rate","1","males","Y15-74","15-74 years","2023","2023",3.880034,,
"ITD5","Emilia-Romagna","UNEM_R","unemployment rate","1","males","Y15-74","15-74 years","2023-Q1","Q1-2023",3.61017,,
"ITD5","Emilia-Romagna","UNEM_R","unemployment rate","1","males","Y15-74","15-74 years","2023-Q2","Q2-2023",3.946473,,
"ITD5","Emilia-Romagna","UNEM_R","unemployment rate","1","males","Y15-74","15-74 years","2023-Q3","Q3-2023",4.237886,,
"ITD5","Emilia-Romagna","UNEM_R","unemployment rate","1","males","Y15-74","15-74 years","2023-Q4","Q4-2023",3.727789,,
"ITE4","Lazio","UNEM_R","unemployment rate","9","total","Y15-74","15-74 years","2023","2023",7.172507,,
"ITE4","Lazio","UNEM_R","unemployment rate","9","total","Y15-74","15-74 years","2023-Q1","Q1-2023",7.569366,,
"ITE4","Lazio","UNEM_R","unemployment rate","9","total","Y15-74","15-74 years","2023-Q2","Q2-2023",6.771009,,
"ITE4","Lazio","UNEM_R","unemployment rate","9","total","Y15-74","15-74 years","2023-Q3","Q3-2023",6.678808,,
"ITE4","Lazio","UNEM_R","unemployment rate","9","total","Y15-74","15-74 years","2023-Q4","Q4-2023",7.663526,,
"ITD5","Emilia-Romagna","UNEM_R","unemployment rate","2","females","Y15-74","15-74 years","2023","2023",6.243929,,
"ITD5","Emilia-Romagna","UNEM_R","unemployment rate","2","females","Y15-74","15-74 years","2023-Q1","Q1-2023",6.308663,,
"ITD5","Emilia-Romagna","UNEM_R","unemployment rate","2","females","Y15-74","15-74 years","2023-Q2","Q2-2023",5.993386,,
"ITD5","Emilia-Romagna","UNEM_R","unemployment rate","2","females","Y15-74","15-74 years","2023-Q3","Q3-2023",6.68263,,
"ITD5","Emilia-Romagna","UNEM_R","unemployment rate","2","females","Y15-74","15-74 years","2023-Q4","Q4-2023",5.993486,,
"ITG1","Sicilia","UNEM_R","unemployment rate","1","males","Y15-74","15-74 years","2023","2023",14.444004,,
"ITG1","Sicilia","UNEM_R","unemployment rate","1","males","Y15-74","15-74 years","2023-Q1","Q1-2023",16.029226,,
"ITG1","Sicilia","UNEM_R","unemployment rate","1","males","Y15-74","15-74 years","2023-Q2","Q2-2023",14.482798,,
"ITG1","Sicilia","UNEM_R","unemployment rate","1","males","Y15-74","15-74 years","2023-Q3","Q3-2023",13.050951,,
"ITG1","Sicilia","UNEM_R","unemployment rate","1","males","Y15-74","15-74 years","2023-Q4","Q4-2023",14.238775,,
"ITD3","Veneto","UNEM_R","unemployment rate","2","females","Y15-74","15-74 years","2023","2023",5.173197,,
"ITD3","Veneto","UNEM_R","unemployment rate","2","females","Y15-74","15-74 years","2023-Q1","Q1-2023",5.639781,,
"ITD3","Veneto","UNEM_R","unemployment rate","2","females","Y15-74","15-74 years","2023-Q2","Q2-2023",4.895375,,
"ITD3","Veneto","UNEM_R","unemployment rate","2","females","Y15-74","15-74 years","2023-Q3","Q3-2023",4.911042,,
"ITD3","Veneto","UNEM_R","unemployment rate","2","females","Y15-74","15-74 years","2023-Q4","Q4-2023",5.251667,,
"ITE2","Umbria","UNEM_R","unemployment rate","2","females","Y15-74","15-74 years","2023","2023",7.909048,,
"ITE2","Umbria","UNEM_R","unemployment rate","2","females","Y15-74","15-74 years","2023-Q1","Q1-2023",8.54747,,
"ITE2","Umbria","UNEM_R","unemployment rate","2","females","Y15-74","15-74 years","2023-Q2","Q2-2023",8.474706,,
"ITE2","Umbria","UNEM_R","unemployment rate","2","females","Y15-74","15-74 years","2023-Q3","Q3-2023",8.509327,,
"ITE2","Umbria","UNEM_R","unemployment rate","2","females","Y15-74","15-74 years","2023-Q4","Q4-2023",6.123242,,
"ITF3","Campania","UNEM_R","unemployment rate","1","males","Y15-74","15-74 years","2023","2023",15.503755,,
"ITF3","Campania","UNEM_R","unemployment rate","1","males","Y15-74","15-74 years","2023-Q1","Q1-2023",17.242375,,
"ITF3","Campania","UNEM_R","unemployment rate","1","males","Y15-74","15-74 years","2023-Q2","Q2-2023",14.306194,,
"ITF3","Campania","UNEM_R","unemployment rate","1","males","Y15-74","15-74 years","2023-Q3","Q3-2023",14.958655,,
"ITF3","Campania","UNEM_R","unemployment rate","1","males","Y15-74","15-74 years","2023-Q4","Q4-2023",15.544318,,
"ITF1","Abruzzo","UNEM_R","unemployment rate","1","males","Y15-74","15-74 years","2023","2023",7.533587,,
"ITF1","Abruzzo","UNEM_R","unemployment rate","1","males","Y15-74","15-74 years","2023-Q1","Q1-2023",8.636863,,
"ITF1","Abruzzo","UNEM_R","unemployment rate","1","males","Y15-74","15-74 years","2023-Q2","Q2-2023",7.386177,,
"ITF1","Abruzzo","UNEM_R","unemployment rate","1","males","Y15-74","15-74 years","2023-Q3","Q3-2023",6.932294,,
"ITF1","Abruzzo","UNEM_R","unemployment rate","1","males","Y15-74","15-74 years","2023-Q4","Q4-2023",7.20482,,
"ITC1","Piemonte","UNEM_R","unemployment rate","2","females","Y15-74","15-74 years","2023","2023",7.142674,,
"ITC1","Piemonte","UNEM_R","unemployment rate","2","females","Y15-74","15-74 years","2023-Q1","Q1-2023",7.471202,,
"ITC1","Piemonte","UNEM_R","unemployment rate","2","females","Y15-74","15-74 years","2023-Q2","Q2-2023",6.042357,,
"ITC1","Piemonte","UNEM_R","unemployment rate","2","females","Y15-74","15-74 years","2023-Q3","Q3-2023",7.904764,,
"ITC1","Piemonte","UNEM_R","unemployment rate","2","females","Y15-74","15-74 years","2023-Q4","Q4-2023",7.160329,,
"ITE1","Toscana","UNEM_R","unemployment rate","1","males","Y15-74","15-74 years","2023","2023",4.389276,,
"ITE1","Toscana","UNEM_R","unemployment rate","1","males","Y15-74","15-74 years","2023-Q1","Q1-2023",5.738021,,
"ITE1","Toscana","UNEM_R","unemployment rate","1","males","Y15-74","15-74 years","2023-Q2","Q2-2023",4.358789,,
"ITE1","Toscana","UNEM_R","unemployment rate","1","males","Y15-74","15-74 years","2023-Q3","Q3-2023",3.311751,,
"ITE1","Toscana","UNEM_R","unemployment rate","1","males","Y15-74","15-74 years","2023-Q4","Q4-2023",4.140117,,
"ITF6","Calabria","UNEM_R","unemployment rate","9","total","Y15-74","15-74 years","2023","2023",15.896039,,
"ITF6","Calabria","UNEM_R","unemployment rate","9","total","Y15-74","15-74 years","2023-Q1","Q1-2023",17.605075,,
"ITF6","Calabria","UNEM_R","unemployment rate","9","total","Y15-74","15-74 years","2023-Q2","Q2-2023",15.921585,,
"ITF6","Calabria","UNEM_R","unemployment rate","9","total","Y15-74","15-74 years","2023-Q3","Q3-2023",13.627189,,
"ITF6","Calabria","UNEM_R","unemployment rate","9","total","Y15-74","15-74 years","2023-Q4","Q4-2023",16.343323,,
"ITC3","Liguria","UNEM_R","unemployment rate","9","total","Y15-74","15-74 years","2023","2023",6.102846,,
"ITC3","Liguria","UNEM_R","unemployment rate","9","total","Y15-74","15-74 years","2023-Q1","Q1-2023",6.841453,,
"ITC3","Liguria","UNEM_R","unemployment rate","9","total","Y15-74","15-74 years","2023-Q2","Q2-2023",6.10601,,
"ITC3","Liguria","UNEM_R","unemployment rate","9","total","Y15-74","15-74 years","2023-Q3","Q3-2023",5.679565,,
"ITC3","Liguria","UNEM_R","unemployment rate","9","total","Y15-74","15-74 years","2023-Q4","Q4-2023",5.802919,,
"ITC2","Valle d'Aosta / Vallée d'Aoste","UNEM_R","unemployment rate","2","females","Y15-74","15-74 years","2023","2023",4.100391,,
"ITC2","Valle d'Aosta / Vallée d'Aoste","UNEM_R","unemployment rate","2","females","Y15-74","15-74 years","2023-Q1","Q1-2023",4.344464,,
"ITC2","Valle d'Aosta / Vallée d'Aoste","UNEM_R","unemployment rate","2","females","Y15-74","15-74 years","2023-Q2","Q2-2023",3.963278,,
"ITC2","Valle d'Aosta / Vallée d'Aoste","UNEM_R","unemployment rate","2","females","Y15-74","15-74 years","2023-Q3","Q3-2023",3.571814,,
"ITC2","Valle d'Aosta / Vallée d'Aoste","UNEM_R","unemployment rate","2","females","Y15-74","15-74 years","2023-Q4","Q4-2023",4.502378,,
"ITF4","Puglia","UNEM_R","unemployment rate","2","females","Y15-74","15-74 years","2023","2023",15.372632,,
"ITF4","Puglia","UNEM_R","unemployment rate","2","females","Y15-74","15-74 years","2023-Q1","Q1-2023",17.751561,,
"ITF4","Puglia","UNEM_R","unemployment rate","2","females","Y15-74","15-74 years","2023-Q2","Q2-2023",14.852112,,
"ITF4","Puglia","UNEM_R","unemployment rate","2","females","Y15-74","15-74 years","2023-Q3","Q3-2023",15.41748,,
"ITF4","Puglia","UNEM_R","unemployment rate","2","females","Y15-74","15-74 years","2023-Q4","Q4-2023",13.356576,,
"ITF5","Basilicata","UNEM_R","unemployment rate","9","total","Y15-74","15-74 years","2023","2023",7.486547,,
"ITF5","Basilicata","UNEM_R","unemployment rate","9","total","Y15-74","15-74 years","2023-Q1","Q1-2023",8.758377,,
"ITF5","Basilicata","UNEM_R","unemployment rate","9","total","Y15-74","15-74 years","2023-Q2","Q2-2023",8.825774,,
"ITF5","Basilicata","UNEM_R","unemployment rate","9","total","Y15-74","15-74 years","2023-Q3","Q3-2023",5.1159,,
"ITF5","Basilicata","UNEM_R","unemployment rate","9","total","Y15-74","15-74 years","2023-Q4","Q4-2023",7.285699,,
"ITC3","Liguria","UNEM_R","unemployment rate","1","males","Y15-74","15-74 years","2023","2023",4.933398,,
"ITC3","Liguria","UNEM_R","unemployment rate","1","males","Y15-74","15-74 years","2023-Q1","Q1-2023",6.495652,,
"ITC3","Liguria","UNEM_R","unemployment rate","1","males","Y15-74","15-74 years","2023-Q2","Q2-2023",4.010407,,
"ITC3","Liguria","UNEM_R","unemployment rate","1","males","Y15-74","15-74 years","2023-Q3","Q3-2023",4.711181,,
"ITC3","Liguria","UNEM_R","unemployment rate","1","males","Y15-74","15-74 years","2023-Q4","Q4-2023",4.549059,,
"ITC3","Liguria","UNEM_R","unemployment rate","2","females","Y15-74","15-74 years","2023","2023",7.524483,,
"ITC3","Liguria","UNEM_R","unemployment rate","2","females","Y15-74","15-74 years","2023-Q1","Q1-2023",7.269038,,
"ITC3","Liguria","UNEM_R","unemployment rate","2","females","Y15-74","15-74 years","2023-Q2","Q2-2023",8.61711,,
"ITC3","Liguria","UNEM_R","unemployment rate","2","females","Y15-74","15-74 years","2023-Q3","Q3-2023",6.902396,,
"ITC3","Liguria","UNEM_R","unemployment rate","2","females","Y15-74","15-74 years","2023-Q4","Q4-2023",7.268433,,
"ITF6","Calabria","UNEM_R","unemployment rate","1","males","Y15-74","15-74 years","2023","2023",14.036743,,
"ITF6","Calabria","UNEM_R","unemployment rate","1","males","Y15-74","15-74 years","2023-Q1","Q1-2023",14.899738,,
"ITF6","Calabria","UNEM_R","unemployment rate","1","males","Y15-74","15-74 years","2023-Q2","Q2-2023",14.231675,,
"ITF6","Calabria","UNEM_R","unemployment rate","1","males","Y15-74","15-74 years","2023-Q3","Q3-2023",11.715688,,
"ITF6","Calabria","UNEM_R","unemployment rate","1","males","Y15-74","15-74 years","2023-Q4","Q4-2023",15.153644,,
"ITF6","Calabria","UNEM_R","unemployment rate","2","females","Y15-74","15-74 years","2023","2023",18.953024,,
"ITF6","Calabria","UNEM_R","unemployment rate","2","females","Y15-74","15-74 years","2023-Q1","Q1-2023",22.133546,,
"ITF6","Calabria","UNEM_R","unemployment rate","2","females","Y15-74","15-74 years","2023-Q2","Q2-2023",18.730056,,
"ITF6","Calabria","UNEM_R","unemployment rate","2","females","Y15-74","15-74 years","2023-Q3","Q3-2023",16.766098,,
"ITF6","Calabria","UNEM_R","unemployment rate","2","females","Y15-74","15-74 years","2023-Q4","Q4-2023",18.250056,,
"ITC4","Lombardia","UNEM_R","unemployment rate","1","males","Y15-74","15-74 years","2023","2023",3.429615,,
"ITC4","Lombardia","UNEM_R","unemployment rate","1","males","Y15-74","15-74 years","2023-Q1","Q1-2023",3.852612,,
"ITC4","Lombardia","UNEM_R","unemployment rate","1","males","Y15-74","15-74 years","2023-Q2","Q2-2023",4.049851,,
"ITC4","Lombardia","UNEM_R","unemployment rate","1","males","Y15-74","15-74 years","2023-Q3","Q3-2023",2.742572,,
"ITC4","Lombardia","UNEM_R","unemployment rate","1","males","Y15-74","15-74 years","2023-Q4","Q4-2023",3.07539,,
"ITC2","Valle d'Aosta / Vallée d'Aoste","UNEM_R","unemployment rate","1","males","Y15-74","15-74 years","2023","2023",3.990105,,
"ITC2","Valle d'Aosta / Vallée d'Aoste","UNEM_R","unemployment rate","1","males","Y15-74","15-74 years","2023-Q1","Q1-2023",3.81667,,
"ITC2","Valle d'Aosta / Vallée d'Aoste","UNEM_R","unemployment rate","1","males","Y15-74","15-74 years","2023-Q2","Q2-2023",4.859485,,
"ITC2","Valle d'Aosta / Vallée d'Aoste","UNEM_R","unemployment rate","1","males","Y15-74","15-74 years","2023-Q3","Q3-2023",2.796171,,
"ITC2","Valle d'Aosta / Vallée d'Aoste","UNEM_R","unemployment rate","1","males","Y15-74","15-74 years","2023-Q4","Q4-2023",4.531371,,
"ITF4","Puglia","UNEM_R","unemployment rate","1","males","Y15-74","15-74 years","2023","2023",9.257701,,
"ITF4","Puglia","UNEM_R","unemployment rate","1","males","Y15-74","15-74 years","2023-Q1","Q1-2023",10.735679,,
"ITF4","Puglia","UNEM_R","unemployment rate","1","males","Y15-74","15-74 years","2023-Q2","Q2-2023",9.485959,,
"ITF4","Puglia","UNEM_R","unemployment rate","1","males","Y15-74","15-74 years","2023-Q3","Q3-2023",8.368445,,
"ITF4","Puglia","UNEM_R","unemployment rate","1","males","Y15-74","15-74 years","2023-Q4","Q4-2023",8.457168,,
"ITF1","Abruzzo","UNEM_R","unemployment rate","9","total","Y15-74","15-74 years","2023","2023",8.052396,,
"ITF1","Abruzzo","UNEM_R","unemployment rate","9","total","Y15-74","15-74 years","2023-Q1","Q1-2023",8.186364,,
"ITF1","Abruzzo","UNEM_R","unemployment rate","9","total","Y15-74","15-74 years","2023-Q2","Q2-2023",8.879958,,
"ITF1","Abruzzo","UNEM_R","unemployment rate","9","total","Y15-74","15-74 years","2023-Q3","Q3-2023",7.612949,,
"ITF1","Abruzzo","UNEM_R","unemployment rate","9","total","Y15-74","15-74 years","2023-Q4","Q4-2023",7.531919,,
"ITE4","Lazio","UNEM_R","unemployment rate","2","females","Y15-74","15-74 years","2023","2023",8.687747,,
"ITE4","Lazio","UNEM_R","unemployment rate","2","females","Y15-74","15-74 years","2023-Q1","Q1-2023",10.104989,,
"ITE4","Lazio","UNEM_R","unemployment rate","2","females","Y15-74","15-74 years","2023-Q2","Q2-2023",7.725142,,
"ITE4","Lazio","UNEM_R","unemployment rate","2","females","Y15-74","15-74 years","2023-Q3","Q3-2023",7.761195,,
"ITE4","Lazio","UNEM_R","unemployment rate","2","females","Y15-74","15-74 years","2023-Q4","Q4-2023",9.092433,,
"ITD4","Friuli-Venezia Giulia","UNEM_R","unemployment rate","1","males","Y15-74","15-74 years","2023","2023",3.626346,,
"ITD4","Friuli-Venezia Giulia","UNEM_R","unemployment rate","1","males","Y15-74","15-74 years","2023-Q1","Q1-2023",3.769856,,
"ITD4","Friuli-Venezia Giulia","UNEM_R","unemployment rate","1","males","Y15-74","15-74 years","2023-Q2","Q2-2023",3.190627,,
"ITD4","Friuli-Venezia Giulia","UNEM_R","unemployment rate","1","males","Y15-74","15-74 years","2023-Q3","Q3-2023",4.224896,,
"ITD4","Friuli-Venezia Giulia","UNEM_R","unemployment rate","1","males","Y15-74","15-74 years","2023-Q4","Q4-2023",3.323275,,
"ITE3","Marche","UNEM_R","unemployment rate","9","total","Y15-74","15-74 years","2023","2023",5.16871,,
"ITE3","Marche","UNEM_R","unemployment rate","9","total","Y15-74","15-74 years","2023-Q1","Q1-2023",5.920153,,
"ITE3","Marche","UNEM_R","unemployment rate","9","total","Y15-74","15-74 years","2023-Q2","Q2-2023",4.397555,,
"ITE3","Marche","UNEM_R","unemployment rate","9","total","Y15-74","15-74 years","2023-Q3","Q3-2023",4.983658,,
"ITE3","Marche","UNEM_R","unemployment rate","9","total","Y15-74","15-74 years","2023-Q4","Q4-2023",5.375401,,
"ITG2","Sardegna","UNEM_R","unemployment rate","2","females","Y15-74","15-74 years","2023","2023",9.859401,,
"ITG2","Sardegna","UNEM_R","unemployment rate","2","females","Y15-74","15-74 years","2023-Q1","Q1-2023",11.015459,,
"ITG2","Sardegna","UNEM_R","unemployment rate","2","females","Y15-74","15-74 years","2023-Q2","Q2-2023",11.183895,,
"ITG2","Sardegna","UNEM_R","unemployment rate","2","females","Y15-74","15-74 years","2023-Q3","Q3-2023",8.309814,,
"ITG2","Sardegna","UNEM_R","unemployment rate","2","females","Y15-74","15-74 years","2023-Q4","Q4-2023",8.863881,,
"ITF5","Basilicata","UNEM_R","unemployment rate","2","females","Y15-74","15-74 years","2023","2023",9.681699,,
"ITF5","Basilicata","UNEM_R","unemployment rate","2","females","Y15-74","15-74 years","2023-Q1","Q1-2023",10.185377,,
"ITF5","Basilicata","UNEM_R","unemployment rate","2","females","Y15-74","15-74 years","2023-Q2","Q2-2023",10.337616,,
"ITF5","Basilicata","UNEM_R","unemployment rate","2","females","Y15-74","15-74 years","2023-Q3","Q3-2023",8.391931,,
"ITF5","Basilicata","UNEM_R","unemployment rate","2","females","Y15-74","15-74 years","2023-Q4","Q4-2023",9.853344,,
"ITF2","Molise","UNEM_R","unemployment rate","2","females","Y15-74","15-74 years","2023","2023",11.028163,,
"ITF2","Molise","UNEM_R","unemployment rate","2","females","Y15-74","15-74 years","2023-Q1","Q1-2023",11.092764,,
"ITF2","Molise","UNEM_R","unemployment rate","2","females","Y15-74","15-74 years","2023-Q2","Q2-2023",9.929659,,
"ITF2","Molise","UNEM_R","unemployment rate","2","females","Y15-74","15-74 years","2023-Q3","Q3-2023",12.139365,,
"ITF2","Molise","UNEM_R","unemployment rate","2","females","Y15-74","15-74 years","2023-Q4","Q4-2023",11.005955,,
"ITF2","Molise","UNEM_R","unemployment rate","9","total","Y15-74","15-74 years","2023","2023",9.582475,,
"ITF2","Molise","UNEM_R","unemployment rate","9","total","Y15-74","15-74 years","2023-Q1","Q1-2023",10.074827,,
"ITF2","Molise","UNEM_R","unemployment rate","9","total","Y15-74","15-74 years","2023-Q2","Q2-2023",8.493461,,
"ITF2","Molise","UNEM_R","unemployment rate","9","total","Y15-74","15-74 years","2023-Q3","Q3-2023",8.959066,,
"ITF2","Molise","UNEM_R","unemployment rate","9","total","Y15-74","15-74 years","2023-Q4","Q4-2023",10.746456,,
"ITD3","Veneto","UNEM_R","unemployment rate","1","males","Y15-74","15-74 years","2023","2023",3.470774,,
"ITD3","Veneto","UNEM_R","unemployment rate","1","males","Y15-74","15-74 years","2023-Q1","Q1-2023",3.638098,,
"ITD3","Veneto","UNEM_R","unemployment rate","1","males","Y15-74","15-74 years","2023-Q2","Q2-2023",3.604761,,
"ITD3","Veneto","UNEM_R","unemployment rate","1","males","Y15-74","15-74 years","2023-Q3","Q3-2023",3.704877,,
"ITD3","Veneto","UNEM_R","unemployment rate","1","males","Y15-74","15-74 years","2023-Q4","Q4-2023",2.933376,,
"ITDA","Trentino Alto Adige / Südtirol","UNEM_R","unemployment rate","9","total","Y15-74","15-74 years","2023","2023",2.843381,,
"ITDA","Trentino Alto Adige / Südtirol","UNEM_R","unemployment rate","9","total","Y15-74","15-74 years","2023-Q1","Q1-2023",3.695184,,
"ITDA","Trentino Alto Adige / Südtirol","UNEM_R","unemployment rate","9","total","Y15-74","15-74 years","2023-Q2","Q2-2023",2.330638,,
"ITDA","Trentino Alto Adige / Südtirol","UNEM_R","unemployment rate","9","total","Y15-74","15-74 years","2023-Q3","Q3-2023",2.232053,,
"ITDA","Trentino Alto Adige / Südtirol","UNEM_R","unemployment rate","9","total","Y15-74","15-74 years","2023-Q4","Q4-2023",3.128463,,
"ITE1","Toscana","UNEM_R","unemployment rate","9","total","Y15-74","15-74 years","2023","2023",5.256755,,
"ITE1","Toscana","UNEM_R","unemployment rate","9","total","Y15-74","15-74 years","2023-Q1","Q1-2023",6.115951,,
"ITE1","Toscana","UNEM_R","unemployment rate","9","total","Y15-74","15-74 years","2023-Q2","Q2-2023",5.348679,,
"ITE1","Toscana","UNEM_R","unemployment rate","9","total","Y15-74","15-74 years","2023-Q3","Q3-2023",4.406771,,
"ITE1","Toscana","UNEM_R","unemployment rate","9","total","Y15-74","15-74 years","2023-Q4","Q4-2023",5.163136,,
"ITF3","Campania","UNEM_R","unemployment rate","9","total","Y15-74","15-74 years","2023","2023",17.414553,,
"ITF3","Campania","UNEM_R","unemployment rate","9","total","Y15-74","15-74 years","2023-Q1","Q1-2023",18.873466,,
"ITF3","Campania","UNEM_R","unemployment rate","9","total","Y15-74","15-74 years","2023-Q2","Q2-2023",16.085536,,
"ITF3","Campania","UNEM_R","unemployment rate","9","total","Y15-74","15-74 years","2023-Q3","Q3-2023",16.994371,,
"ITF3","Campania","UNEM_R","unemployment rate","9","total","Y15-74","15-74 years","2023-Q4","Q4-2023",17.699071,,
